[{"login":1,"password":"123","nombre":"Martin Lozano,Victor Miguel","descripcion":"Un alumno brillante","foto":"@drawable/victormartinez"},
{"login":2,"password":"123","nombre":"Moyano Clemente, Álvaro","descripcion":"Me gustaria ser delegado","foto":"@drawable/alvaromoyano"},
{"login":3,"password":"123","nombre":"Álvarez Villegas, Laura","descripcion":"Aspiro a todo!!","foto":"@drawable/lauraalvarez"},
{"login":4,"password":"123","nombre":"Calleja Zurro, Fernando","descripcion":"Yo, paso","foto":"@drawable/fernandocalleja"},
{"login":5,"password":"123","nombre":"Diez Placer, David","descripcion":"Yo me quedo con Laura","foto":"@drawable/daviddiez"},
{"login":6,"password":"123","nombre":"Figueroa Díaz, Bryan Alex","descripcion":"De que va esto?","foto":"@drawable/bryanalexyfigueroa"},
{"login":7,"password":"123","nombre":"FGarcía Mínguez, Diego","descripcion":"Vaya examen, majo!","foto":"@drawable/diegogarcia"}]

    
